529196324236050000,298114913,149,398,"A este paso todo ser� m�s f�cil de lo que parece!",4.757286,-74.098342,2014-11-03 09:00:10
529196333526024000,1180020318,13889,5,"6. Santa Fe 7. #ENIGMATICOenBD 8. Huila 9. Manuel Teodoro 10. Bogot�  2014/11/3 03:54 COT #trndnl http://t.co/tt5CDy7qS3",4.6564,-74.1178,2014-11-03 09:00:12
529196334956310000,1180020318,13889,5,"1. #SeAcercaDiciembreY 2. #sobrelacuerdafloja 3. #alexfromtarget 4. #WallendaLive 5. Junior  2014/11/3 03:54 COT http://t.co/tt5CDy7qS3",4.6564,-74.1178,2014-11-03 09:00:12
529196699252965000,298114913,149,398,"Tu ausencia deja un vacio m�s f�cil de reemplazar de lo que te imaginas",4.757197,-74.098282,2014-11-03 09:01:39
529196843880968000,174143801,743,264,"Pero la puerta no es la culpable, de que por dentro est�s llorando.",4.668264,-74.133877,2014-11-03 09:02:14
529196937392971000,174143801,743,264,"FAV si la puerta negra sale sobrando y yo estoy borracho.",4.668265,-74.133878,2014-11-03 09:02:36
529197183611179000,73764188,813,541,"NOEL SCHAJRIS - NO VEO LA HORA.",4.552411,-74.09799,2014-11-03 09:03:35
529197186484297000,1056605928,29,43,"Llegando de party",4.652978,-74.077198,2014-11-03 09:03:35
529197271531782000,83958085,330,959,"Lo mejor de la noche, divino &lt;3 @ixdiego Arnary @ Theatron http://t.co/ZATgXkeGb9",4.644994,-74.063816,2014-11-03 09:03:56
529197278180159000,185280055,676,72,"'@FIL0S0FIA: Enam�rate de alguien que te quiera hasta en esos d�as que est�s insoportable.' @MeRobeMiSombrer  le toco Hahaha ;)",4.656503,-74.157834,2014-11-03 09:03:57
529197429653270000,127760328,315,194,"Y asi quede... http://t.co/MrmB0NrWzH",4.725857,-74.058544,2014-11-03 09:04:33
529197479842295000,2755247345,153,312,"Fue una gran tarde..  a seguir con mi preparacion #enbuscadeunsue�o #6 http://t.co/qkv5nenkzF",4.612212,-74.067341,2014-11-03 09:04:45
529198063731367000,73764188,813,541,"DAUGHTRY - NO SURPRISE.",4.552431,-74.097992,2014-11-03 09:07:05
529198074733015000,2729083847,28,32,"Una noche maravillosa con los mejores :-)",4.626682,-74.148442,2014-11-03 09:07:07
529198098749599000,162912071,276,76,"@CauseWereGuys ??",4.634161,-74.06465,2014-11-03 09:07:13
529198272574140000,497389371,51,60,"@ELTIEMPO Que pena no los dejan disfrutar su ni�ez.",4.684367,-74.11298,2014-11-03 09:07:54
529198394427076000,604089752,591,1894,"El Gran Combo De Puerto Rico ~ Se Nos Perdi� El Amor",4.591647,-74.176126,2014-11-03 09:08:23
529198500555522000,316832285,6,73,"Los que murieron... Tratando de tomar la ciudad ...Bajo el mando de ...Vernon ...Cual todos Sabitas ..vas a mezclar tu, esclavos  e ingleses",4.635075,-74.071428,2014-11-03 09:08:49
529198665098084000,73764188,813,541,"Porque en alg�n lugar por fin yo iba a encontrar un amor tan divino. (8)",4.552435,-74.098068,2014-11-03 09:09:28
529198681850130000,2729083847,28,32,"Una noche maravillosa con los mejores!!!! :D",4.626687,-74.148443,2014-11-03 09:09:32
529198802453168000,310542384,351,499,"A pesar de todo estoy bien.",4.576794,-74.15303,2014-11-03 09:10:01
529198908032167000,162912071,276,76,"@MarioSoto1_",4.63416,-74.06459,2014-11-03 09:10:26
529198953758478000,269090666,175,470,"Como cuando un colega quiere pasarte un GRAN chicharr�n, por que el se encuentra solo en la cl�nica.... PUES ES QUE A MI TMB ME TOCA SOLA!!!",4.651729,-74.072548,2014-11-03 09:10:37
529199311675211000,174143801,743,264,"Joselo estas ebrio.",4.668282,-74.133904,2014-11-03 09:12:02
529199010494832000,2240943491,500,179,"'MORRO' Y 'TRUJILLO' EN LA HABANA. http://t.co/kQbIhz5Kk9",4.688233,-74.07548,2014-11-03 09:10:50
529199431351300000,174143801,743,264,"A esta hora que nunca se les acabe el trago.",4.66828,-74.13392,2014-11-03 09:12:31
529199608510312000,476011038,236,194,"Y para completar me levanto enferma a estas horas ????",4.689915,-74.112102,2014-11-03 09:13:13
529199721827823000,127760328,315,194,"Awwwe. http://t.co/u0taorQ0Ni",4.725857,-74.058544,2014-11-03 09:13:40
529199766048358000,54815028,461,453,"I'm at @BAUMBogota in Bogot�, Distrito Capital https://t.co/jGJpLkP3Ui",4.619475,-74.066446,2014-11-03 09:13:50
529199784033550000,73764188,813,541,"Amo a mi familia&lt;3.",4.552436,-74.098061,2014-11-03 09:13:55
529200104117665000,73764188,813,541,"Mi familia cuando esta borracha le entra el amor por todo.",4.552445,-74.098074,2014-11-03 09:15:11
529200255150354000,211319651,1390,250,"Gracias a Dios por un amigo como tu @AhmedJr de nuevo al ruedo JAJAJAJA te quiero ?? http://t.co/x9LwhwqqS8",4.630498,-74.066069,2014-11-03 09:15:47
529200071905378000,87250320,76,37,"El desespero a flor de piel.",4.64539,-74.071089,2014-11-03 09:15:03
529200819007389000,227193933,5674,483,"Mam� no me esperes esta noche que yo creo que no llego.",4.645371,-74.083685,2014-11-03 09:18:01
529200841094619000,179738480,5938,4504,"Usher Dios m�o.",4.694636,-74.082946,2014-11-03 09:18:07
529200854579314000,87250320,76,37,"Esperar que te paguen con algo diferente de lo que das es il�gico.",4.645346,-74.071126,2014-11-03 09:18:10
529200934241701000,316832285,6,73,"En la visita de los ingleses solo falt� el tinto a caballo",4.635036,-74.071406,2014-11-03 09:18:29
529201131294298000,529766027,1589,1071,"@___AlejoBolivar ??????",4.706551,-74.201399,2014-11-03 09:19:16
529201148323196000,86636967,56,129,"Y para completar la dicha, pasar la noche sin poder dormir!",4.754673,-74.046152,2014-11-03 09:19:20
529201366665682000,1180020318,13889,5,"6. #ENIGMATICOenBD 7. Santa Fe 8. Huila 9. Manuel Teodoro 10. Viera  2014/11/3 04:19 COT #trndnl http://t.co/tt5CDy7qS3",4.6564,-74.1178,2014-11-03 09:20:12
529201424790745000,87250320,76,37,"El objetiv� se cumpli�.",4.645345,-74.071128,2014-11-03 09:20:26
529201368137875000,1180020318,13889,5,"1. #SeAcercaDiciembreY 2. #sobrelacuerdafloja 3. #alexfromtarget 4. Junior 5. #WallendaLive  2014/11/3 04:19 COT http://t.co/tt5CDy7qS3",4.6564,-74.1178,2014-11-03 09:20:12
529201606815145000,218567987,415,795,"#Insomnio ??????",4.865602,-74.045636,2014-11-03 09:21:09
529201448727629000,316832285,6,73,"Hubieran sido algo muy ingl�s el zurriago como si fuera Polo, y la taza imitando una tomata de te",4.635058,-74.071452,2014-11-03 09:20:32
529201607893069000,87250320,76,37,"Sera esperar las ofertas navide�as de steam.",4.64539,-74.071087,2014-11-03 09:21:10
529201748582596000,87250320,76,37,"Pos se durmi�. http://t.co/ZnAxhzyILg",4.645395,-74.071059,2014-11-03 09:21:43
529201871219867000,113447326,264,894,"4:21",4.741245,-74.100858,2014-11-03 09:22:12
529201935891857000,87250320,76,37,"La gente que controla el alcohol a los 17 y otras mentiras de alcoh�licos.",4.645417,-74.071048,2014-11-03 09:22:28
529200732403433000,73764188,813,541,"Hace falta que te diga que me muero por tener algo contigo.",4.552408,-74.098018,2014-11-03 09:17:41
529202009896148000,87250320,76,37,"Un 31 lleno de buena m�sica.",4.645418,-74.071071,2014-11-03 09:22:45
529202008193257000,937103862,1465,1393,"Mi Amor, Mi Cielo, Mi vida, Mi Todo.",4.641482,-74.140298,2014-11-03 09:22:45
529200158408728000,87250320,76,37,"Robo de gameboy's.",4.645389,-74.071182,2014-11-03 09:15:24
529200358355369000,529766027,1589,1071,"@___AlejoBolivar poes me mato ._.",4.706555,-74.201405,2014-11-03 09:16:12
529200698706366000,227193933,5674,483,"Mam� no me esperes que no lleg�",4.645404,-74.083496,2014-11-03 09:17:33
529200727751929000,342496399,34,70,"C�mo decirle a mi coraz�n que te deje de amar que te olvide que ya no te hace falta",4.582692,-74.159992,2014-11-03 09:17:40
529202011632586000,230219286,89,213,"@azulhstalatumba lo que quiere decir q en 2015 seguiremos por las mismas. Con directivos mediocres y un plantel donde reina la pereza. Sniff",4.644625,-74.104272,2014-11-03 09:22:46
529202150766034000,261453110,41,328,"Eche un vistazo a Viber. Puede encontrarlo/a en http://t.co/7QWRttJCNL #NandySalseritaMilloos :* �",4.49045,-74.11439,2014-11-03 09:23:19
529202275068432000,87250320,76,37,"Casi una intervenci�n.",4.645475,-74.071056,2014-11-03 09:23:49
529202282785947000,73764188,813,541,"@_Katherine_05 :-)))",4.552422,-74.098018,2014-11-03 09:23:50
529202372007165000,73764188,813,541,"Amando a mi t�o Diario desde siempre.",4.552504,-74.097979,2014-11-03 09:24:12
529202502131269000,87250320,76,37,"Viajes gratis en metro.",4.645344,-74.071128,2014-11-03 09:24:43
529202384401354000,261453110,41,328,"Eche un vistazo a Viber. Puede encontrarlo/a en http://t.co/7QWRttJCNL #NandySalseritaMilloos :* ��/M",4.49045,-74.11439,2014-11-03 09:24:15
529202844755587000,230219286,89,213,"�@TIME: Kareem Abdul-Jabbar: American politicians are a greater threat to democracy than ISIS http://t.co/TgtfaLG1wJ� like in Colombia...!",4.644514,-74.10437,2014-11-03 09:26:04
529202849683890000,87250320,76,37,"Tra tra tra trasmilenio. http://t.co/vgPr1BIpWg",4.645428,-74.071134,2014-11-03 09:26:06
529203203083362000,114055235,85,664,"El mito  de la depilaci�n http://t.co/8a7lG2DMDx v�a @elespectador",4.658416,-74.107257,2014-11-03 09:27:30
529204061737058000,228591326,169,283,"'@SuperSarcasmo_: 'La Universidad es m�s f�cil porque estudias solo cosas que te gustan'  JAJJAJAJAJAJAAJAJAJAJJAJAJAJAJAJAAJAJAJAA' y ja ja",4.582556,-74.202207,2014-11-03 09:30:55
529203999577501000,230219286,89,213,"�@TIME: Mexican soldiers to face civilian trial for killing 22 suspected criminals http://t.co/ZngBiaMOGS�: falta respeto con estos h�roes!",4.644593,-74.104364,2014-11-03 09:30:40
529204133606490000,989379067,160,263,"Feliz 3 de noviembre 8 meses junto a lo mejor de mi vida ?",4.62377,-74.177872,2014-11-03 09:31:12
529204175457222000,150513822,30,157,"#happyhalloween #memostatigram #party #friend ???? @ Theatron http://t.co/PQhvR2xTnR",4.644994,-74.063816,2014-11-03 09:31:22
529204320982818000,228591326,169,283,"Una sonrisa que lleva tu nombre ... ?",4.582584,-74.202218,2014-11-03 09:31:56
529204392441163000,400207981,55,56,"Al final no se puede perder lo que no se tiene. Al final nunca se tiene nada.",4.734925,-74.099428,2014-11-03 09:32:13
529204411743371000,73764188,813,541,"Con mi t�o hablamos solo del VERDE y de ROCK, como no amarlo.",4.552421,-74.098105,2014-11-03 09:32:18
529204599765610000,230219286,89,213,"�@Tenis_Break: Milos Raonic fue p�lvora mojada ante Novak Djokovic en la final de Par�s' : cierto! Parec�a Colombiano. @MatchTenis",4.644628,-74.104349,2014-11-03 09:33:03
529204676622028000,325670174,11901,85,"Pasando delicioso en @theatronbogota celebrando #Halloween ?????? @ Theatron http://t.co/5QL9rw7tSb",4.644994,-74.063816,2014-11-03 09:33:21
529204922454409000,228591326,169,283,"'@esomeecards: �Ves eso... http://t.co/r2Oc4VVRVZ'",4.582565,-74.202207,2014-11-03 09:34:20
529204945879588000,283239593,689,829,"Por que en la vida hay cosas del alma que valen mucho m�s que el dinero",4.577633,-74.169805,2014-11-03 09:34:25
529203309102772000,1873547641,190,130,":'((",4.634064,-74.170459,2014-11-03 09:27:55
529203335115862000,529766027,1589,1071,"Mi cama es la �nica que no me abandona :-BB",4.706546,-74.201408,2014-11-03 09:28:01
529203362420764000,261932229,216,861,"Que no pare....vamos por una navidad llena de alegr�a..",4.613147,-74.116775,2014-11-03 09:28:08
529205807788097000,388563644,378,143,"Tiene 14 y dice ser la mas lesbiana, de por dios solo es por llamar la atenci�n.",4.707663,-74.155854,2014-11-03 09:37:51
529205850976837000,495477401,83,208,"Matame cansancio ya que el estudio no ha podido.",4.685492,-74.116241,2014-11-03 09:38:01
529206189020962000,1636233696,262,244,"@Una_Sintonia111 Este fue un ejemplo, de que mi teclado es una caca.",4.682618,-74.135021,2014-11-03 09:39:22
529205728956153000,73764188,813,541,"Te vi venir - Sin Banderas.",4.55248,-74.098094,2014-11-03 09:37:32
529206214773977000,550445291,82,88,"�Sera que en mi vida no habr� espacio para el sentimiento?",4.73587,-74.057175,2014-11-03 09:39:28
529203371853348000,1180020318,13889,5,"�Sab�as que 'Fortaleza' se mantuvo el domingo 2 durante 9 horas en Colombia como Tendencia? http://t.co/txV7pufH4L #trndnl",4.6564,-74.1178,2014-11-03 09:28:10
529206394465943000,1180020318,13889,5,"6. #ENIGMATICOenBD 7. Santa Fe 8. Huila 9. Manuel Teodoro 10. Viera  2014/11/3 04:35 COT #trndnl http://t.co/tt5CDy7qS3",4.6564,-74.1178,2014-11-03 09:40:11
529206395883634000,1180020318,13889,5,"1. #SeAcercaDiciembreY 2. #sobrelacuerdafloja 3. #alexfromtarget 4. Junior 5. #WallendaLive  2014/11/3 04:35 COT http://t.co/tt5CDy7qS3",4.6564,-74.1178,2014-11-03 09:40:11
529206912685178000,1636233696,262,244,"Son chorizos JAJAJJAJAJAJAJAJAJAJAJAJJAJAJJAJAJAJJA MARICAAAAA. http://t.co/ezLD4zjHLw",4.682619,-74.135024,2014-11-03 09:42:14
529207130901864000,1180020318,13889,5,"�Sab�as que #QuieroSerSanto se mantuvo el domingo 2 durante 12 horas en Colombia como Tendencia? http://t.co/txV7pufH4L #trndnl",4.6564,-74.1178,2014-11-03 09:43:06
529207304923926000,1050992821,104,135,"@Landita__ Tu la mejor mi vida",4.601021,-74.070183,2014-11-03 09:43:48
529207499736776000,630116580,1167,695,"La mejor noche junto yo a ellos ?? http://t.co/RdoOneo95y",4.865947,-74.045396,2014-11-03 09:44:34
529207711880470000,87250320,76,37,"Epic battle @nomaspedros #gorra #vs #botella @ Home http://t.co/9fF5SW4T4c",4.645303,-74.071003,2014-11-03 09:45:25
529207927782268000,2856055997,2,15,"@BarbaraLSL hay Barbara un saludo",4.600699,-74.166273,2014-11-03 09:46:16
529207933276811000,598803735,338,207,"Luego de tener el mejor momento con Nicolas, la tenia que embarrar con eso, es que es un idiota.",4.621105,-74.145434,2014-11-03 09:46:18
529205318535102000,19976613,181,579,"De nuevo a Lima (@ Avianca Diamond Elite VIP Lounge in Bogot�, Distrito Capital) https://t.co/U4AXYcTVAh",4.698962,-74.141449,2014-11-03 09:35:54
529203742231773000,333484917,6102,5205,"Son las 4am y yo despierta porque mi perro no deja de llorar :(",4.632503,-74.17739,2014-11-03 09:29:38
529205447765815000,604089752,591,1894,"'Las Amigas' http://t.co/b9TyyEOC2L",4.591647,-74.176126,2014-11-03 09:36:25
529203950676115000,989379067,160,263,"Tiempos dif�ciles ....",4.62377,-74.177872,2014-11-03 09:30:28
529205652280066000,1636233696,262,243,"Si me rio sin que mierda nada me cause risa ,es porque dada delirio del sue�o.",4.682613,-74.135047,2014-11-03 09:37:14
529208818237190000,2856055997,2,15,"@BarbaraLSL un saludo desde Colombia @BarbaraLSL",4.600704,-74.166273,2014-11-03 09:49:49
529209173159194000,264950596,23874,26204,"@TomasGrimaldi1 buen d�a",4.587404,-74.191298,2014-11-03 09:51:13
529208889393561000,296532132,367,1939,"Feliz Lunes Festivo people ....",4.568994,-74.126535,2014-11-03 09:50:06
529208709340475000,264950596,23874,26198,"Mi solidaridad con la gorda fabiola.",4.587378,-74.19125,2014-11-03 09:49:23
529208626901434000,73764188,813,541,"Ninguna como ella - Zona Ganjah&lt;3.",4.55252,-74.098022,2014-11-03 09:49:03
529209245791961000,464293617,588,235,"Fav si est�s.",4.755067,-74.099222,2014-11-03 09:51:31
529208247111413000,261453110,41,328,"Eche un vistazo a LINE. Puede encontrarlo/a en http://t.co/VNkzjzbcrG #NandySalseritaMilloos :* ��/M",4.49045,-74.11439,2014-11-03 09:47:32
529209294718521000,230219286,89,213,"@azulhstalatumba despu�s de ver papel�n ante Aut�noma, cuando hab�a q ganar, qui�n puede decir algo en defensa de estos 'artistas' de azul?",4.644623,-74.104401,2014-11-03 09:51:42
529208153007984000,150004086,585,392,"Lo que para mi son sue�os, para ti son pesadillas. :'3 http://t.co/A84gpnbyzD",4.623821,-74.129065,2014-11-03 09:47:10
529209580929429000,162912071,276,78,"@sport Tener una idea clara y no intentar hacer un h�brido. #SPORT35",4.634125,-74.064768,2014-11-03 09:52:50
529209628526391000,459799671,262,821,"Natalia Lafourcade - Amarte duele [Video Oficial]: http://t.co/tbiEWCp5Hc a Marte y quererte!",4.748069,-74.063348,2014-11-03 09:53:02
529210020890947000,230219286,89,213,"@juancmonal @LauraAlbornozD y ya lleva 3; en 4 estar� fresco por las calles...",4.644722,-74.104443,2014-11-03 09:54:35
529210393357717000,338338764,367,133,"#kitty #hallloween #party #over wrapped  till next time.   #bogot� #colombia #night #co� http://t.co/FBlMFQ6TJX",4.66537,-74.066011,2014-11-03 09:56:04
529210947739869000,2280574761,136,502,"#EMABiggestFansJustinBieber",4.716185,-74.093075,2014-11-03 09:58:16
529211041071525000,888047239,74,116,"Que sea un excelente inicio de semana!! (@ Unisono in Bogot�, Distrito Capital) https://t.co/shpJMp52iR",4.683672,-74.046281,2014-11-03 09:58:39
529210895634018000,337472808,431,526,"Esper� Que Entiendas Que Es Temporal, Volver� Hacer El Mismo De Antes O Esa Es La Idea...",4.586391,-74.114532,2014-11-03 09:58:04
529208472823664000,230219286,89,213,"@estejaramillo @azulhstalatumba @MillosFCoficial No hace falta el que se va, hace falta el que viene...",4.644716,-74.10441,2014-11-03 09:48:26
529211270655135000,230219286,89,213,"�@TIME: U.N.: Phase out fossil fuels by 2100 or face 'irreversible' climate impact http://t.co/zNy2T7iuSE� too late!!!",4.644784,-74.104305,2014-11-03 09:59:33
529211425374224000,1180020318,13889,5,"6. #ENIGMATICOenBD 7. Santa Fe 8. Huila 9. Manuel Teodoro 10. Viera  2014/11/3 04:52 COT #trndnl http://t.co/tt5CDy7qS3",4.6564,-74.1178,2014-11-03 10:00:10
529211426959654000,1180020318,13889,5,"1. #SeAcercaDiciembreY 2. #sobrelacuerdafloja 3. #alexfromtarget 4. Junior 5. #WallendaLive  2014/11/3 04:52 COT http://t.co/tt5CDy7qS3",4.6564,-74.1178,2014-11-03 10:00:11
529212070550851000,2280574761,136,502,"5 razones para amar bieber:es sexy, su sonrisa,su forma de ser,sus canciones,su fisico #EMABiggestFansJustinBieber?? http://t.co/3oLCw5xHTI",4.716193,-74.093064,2014-11-03 10:02:44
529211100550955000,25540338,732,823,"Siguiente parada: D.F., M�xico! ?????? (@ Aeropuerto Internacional El Dorado (BOG) - @bog_eldorado) https://t.co/UPf1ZYD7jf",4.698162,-74.140913,2014-11-03 09:58:53
529212651986243000,2280574761,136,502,"Las beliebers ganaremos, beliebers nunfe",4.716196,-74.093073,2014-11-03 10:05:03
529211493850824000,338338764,367,133,"#kitty #hallloween #party over. @theatronbogota @ Barrio Los Alcazares http://t.co/eU4cpn2O42",4.66537,-74.066011,2014-11-03 10:00:27
529212500190195000,2280574761,136,502,"Las beliebere",4.7162,-74.093073,2014-11-03 10:04:26
529212439569911000,325234630,340,788,"As� como cuando te despiertas temprano... Y luego recuerdas que es festivo y puedes seguir durmiendo ??????",4.752444,-74.084304,2014-11-03 10:04:12
529212966684880000,2280574761,136,502,"Beliebers unidas jamas seran vencidas #EMABiggestFansJustinBieber http://t.co/XOk4wsgcyP",4.716187,-74.09307,2014-11-03 10:06:18
529212065245048000,431979154,33,156,"Como me gustaria tenerte m�s cerca @DayHurtado_",4.742144,-74.024764,2014-11-03 10:02:43
529213494915518000,2280574761,136,502,"INTENO SER NORMAL, LO SIENTO SOY BELEBER #EMABiggestFansJustinBieber http://t.co/Iy6DI34mhC",4.716195,-74.093078,2014-11-03 10:08:24
529214306580434000,349817797,105,110,"Feliz lunes empezando la semana con todos los poderes",4.678327,-74.09571,2014-11-03 10:11:37
529214361663848000,402373708,198,419,"Ac� celebrando halloween ?? @ Kandelaria bar http://t.co/0GdbaQfxZG",4.64148,-74.07611,2014-11-03 10:11:50
529215771684376000,328672812,56,146,"RUMBO A PEREIRA ? http://t.co/hymSOSnED0",4.700801,-74.143303,2014-11-03 10:17:26
529214472574234000,349817797,105,110,"#Amanecido.com",4.678327,-74.09571,2014-11-03 10:12:17
529215016919384000,608214782,4859,5347,"@AngelFire875",4.634022,-74.197064,2014-11-03 10:14:27
529215876596502000,608214782,4859,5347,"#LunesFeriadoMundial",4.634067,-74.197067,2014-11-03 10:17:51
529216121300602000,608214782,4859,5347,"#LunesDeGanarSeguidores",4.634019,-74.197124,2014-11-03 10:18:50
529216321868038000,334885449,1549,377,"??????",4.745481,-74.096883,2014-11-03 10:19:38
529216138165911000,20465151,1252,256,"Buenos d�as. Se me olvido que hoy es festivo !!!!!",4.63874,-74.059765,2014-11-03 10:18:54
529216458601938000,1180020318,13889,5,"6. Manuel Teodoro 7. Viera 8. Target 9. Huila 10. Colombia  2014/11/3 05:09 COT #trndnl http://t.co/tt5CDy7qS3",4.6564,-74.1178,2014-11-03 10:20:10
529215334545625000,107426609,131,237,"Duerme m�s un celador de turno de noche que yo #Triste",4.759574,-74.036942,2014-11-03 10:15:42
529216460057374000,1180020318,13889,5,"1. #SeAcercaDiciembreY 2. #sobrelacuerdafloja 3. #alexfromtarget 4. #WallendaLive 5. #ENIGMATICOenBD  2014/11/3 05:09 COT",4.6564,-74.1178,2014-11-03 10:20:11
529213600536485000,736701926,18,22,"@ANAGABRIELRL si descansa mi linda,has estado maravillosa",4.570674,-74.101973,2014-11-03 10:08:49
529214319054315000,2280574761,136,502,"#EMABiggestFansJustinBieber SOY BELIEBER A MUCHO ORGULLO, Y NO ME DA PENA DECIRLO Q NO TENGO DE Q AVERGONZARME #EMABiggestFansJustinBieber",4.71619,-74.093062,2014-11-03 10:11:40
529216351064588000,2660375501,62,238,"Muy buena noche http://t.co/g4BVBTYjJg",4.5751,-74.136416,2014-11-03 10:19:45
529217055418245000,608214782,4859,5347,"#Followback http://t.co/6Ly8VYzmWy",4.634072,-74.197029,2014-11-03 10:22:33
529211689246261000,1289444310,163,383,"Acabo de publicar una foto @ Theatron http://t.co/iZP4s5aQGA",4.644994,-74.063816,2014-11-03 10:01:13
529216516236263000,621493380,745,712,"Sus palabras ?_? Te adoro Dos'Nueve.!! http://t.co/5uBank1eFj",4.720285,-74.068946,2014-11-03 10:20:24
529212022731587000,357223575,344,1364,"I'm at Aeropuerto Internacional El Dorado (BOG) - @bog_eldorado in Bogot�, Distrito Capital https://t.co/jLUwjSelZl",4.698162,-74.140913,2014-11-03 10:02:33
529217448554549000,2280574761,136,502,"We can win beliebers  #EMABiggestFansJustinBieber",4.716201,-74.093068,2014-11-03 10:24:06
529217449431162000,143129484,355,333,"Sweet home sweet, Thanks God, was a trip wonderful, you are perfect. Hola Colombia I miss you to much https://t.co/8sby28BSiN",4.698162,-74.140913,2014-11-03 10:24:06
529217479617544000,426733791,139,71,"Yo no deber�a ser tan celoso. ??????????",4.681948,-74.169726,2014-11-03 10:24:14
529217721633079000,391602158,288,240,"-Yo te sugiero que veas por otros lares, el te har� da�o.   Y aja, no s� que hacer.",4.747907,-74.111883,2014-11-03 10:25:11
529217637998678000,608214782,4861,5347,"'@DatoFemenino: ? SIGUEME Y TE SIGO ? ? Te Sigo Al instante ? ? Cumplo ? ? #SIGUEMEYTESIGO ? #RT para CONFIRMAR ? y en #Instagram: http:",4.63403,-74.197082,2014-11-03 10:24:51
529217813941346000,2280574761,136,502,"#EMABiggestFansJustinBieber",4.716176,-74.093076,2014-11-03 10:25:33
529217874033147000,391602158,288,240,"Es que pasa de nuevo a mi casa y te veo como siempre, la persona m�s linda y t� s�lo me ves.",4.747904,-74.111887,2014-11-03 10:25:48
529217916118765000,608214782,4861,5347,"#SeguidorSeguro http://t.co/FQAwBseaNI",4.634028,-74.197098,2014-11-03 10:25:58
529218048633630000,2280574761,136,502,"I believe in justin and are you believe in justin? #EMABiggestFansJustinBieber",4.716197,-74.093073,2014-11-03 10:26:29
529218171065368000,391602158,288,240,"Yo en alg�n momento lo vi como una diversi�n, y me arrepiento por ello.",4.747933,-74.111894,2014-11-03 10:26:59
529218213968871000,608214782,4861,5347,"'@Peaches_HQ: #RETWEET THIS! FOLLOW ME &amp; @1017SluttyBoy &amp; EVERYONE ELSE THAT RETWEETS THIS FOR 50+ FOLLOWERS FAST! #Follow2BeFollowed",4.634024,-74.197117,2014-11-03 10:27:09
529218574288945000,335441807,68,211,"@montanertwiter hola hermoso",4.710853,-74.068253,2014-11-03 10:28:35
529218477106532000,1180020318,13889,5,"S�lo 4 caracteres ten�a la Tendencia m�s corta del domingo 2 en Colombia: http://t.co/txV7pufH4L #trndnl",4.6564,-74.1178,2014-11-03 10:28:12
529218683642867000,608214782,4861,5347,"'@_o_DOGFATHER_o_:  ???? RETWEET   ???? FOLLOW ALL WHO RT   ???? #FOLLOWBACK  ???? GAIN WITH #MGWV  ???? #FOLLOW ? @team__mgwv'",4.634012,-74.197046,2014-11-03 10:29:01
529219125126905000,507947957,125,265,"Pa que me Calientas pa que tu me tientas.",4.593503,-74.081258,2014-11-03 10:30:46
529218725837570000,2885277499,3,25,"@DONOMAR buenos d�as jefe de jefes'",4.634149,-74.180208,2014-11-03 10:29:11
529218744871301000,107426609,131,237,"Por qu� los ni�os que viven en la calle, son maduros?  Porque duermen en envueltos en papel peri�dico !! Jajaja !!!",4.759537,-74.036998,2014-11-03 10:29:15
529218843189997000,426084171,1087,719,"Esto en una enfermedad; FIN..NUEVA VIDA",4.63958,-74.127818,2014-11-03 10:29:39
529219658646556000,1167435588,755,696,"Where is the love?",4.648464,-74.073756,2014-11-03 10:32:53
529219024220336000,391602158,288,240,"�qui�n madruga tanto por alguien, ser� la �nica bobita(?)",4.747909,-74.111903,2014-11-03 10:30:22
529219260221239000,608214782,4861,5347,"#LunesDeGanarSeguidores http://t.co/F9YhYezOwz",4.634041,-74.197049,2014-11-03 10:31:18
529220136168067000,2171234088,732,625,"Cositas que enamoren",4.49875,-74.114663,2014-11-03 10:34:47
529220189196660000,2280574761,136,502,"YA NO PUEDO MAS TENGO SUE�O NO DORM� EN TODA LA NOCHE #EMABiggestFansJustinBieber http://t.co/fhX3LhKG3N",4.716193,-74.093061,2014-11-03 10:35:00
529220331299680000,2280574761,136,502,"Dare todo por justin #EMABiggestFansJustinBieber",4.716202,-74.093077,2014-11-03 10:35:34
529220332406988000,266163644,372,534,"Odio que me dejen en visto ... ush ppr lo menos un punto  de respuesta",4.553476,-74.149229,2014-11-03 10:35:34
529220535528718000,227193933,5673,483,"Me imagino el castigo que se aproxima",4.645662,-74.083505,2014-11-03 10:36:22
529220644660318000,2280574761,136,502,"Beliebers unidas jamas seran vecidas, #EMABiggestFansJustinBieber http://t.co/r7OStnfV8U",4.716203,-74.09308,2014-11-03 10:36:48
529219718008569000,608214782,4862,5347,"@isaacBIOvega",4.634013,-74.197083,2014-11-03 10:33:07
529220782195757000,597390470,26,75,"'Open the mind for new thinking and open the heart for new directions! ... wisdom from Tham Khai Meng. #in http://t.co/F9epmfwL22",4.719281,-74.062103,2014-11-03 10:37:21
529219808563572000,227193933,5673,483,"Ten�a que llegar a las tres am y pues remat� por rebelde",4.645447,-74.083688,2014-11-03 10:33:29
529219907729514000,180002207,198,115,"Incre�ble el cambio y la madurez de el.",4.703449,-74.030887,2014-11-03 10:33:53
529220951834386000,2280574761,136,502,"Justin y su equipo en hallowen  #EMABiggestFansJustinBieber http://t.co/XlLfyOFoxL",4.716191,-74.093076,2014-11-03 10:38:02
529220947216465000,608214782,4861,5347,"??SIGUEME Y TE SIGO?? ??SIGUEME Y TE SIGO?? ??SIGUEME Y TE SIGO?? ??SIGUEME Y TE SIGO?? ??SIGUEME Y TE SIGO?? ??SIGUEME Y TE SIGO??'",4.634018,-74.197066,2014-11-03 10:38:00
529220788558520000,608214782,4861,5347,"'@MaIditoTuitero: ??SIGUEME Y TE SIGO ??SIGUEME Y TE SIGO ??SIGUEME Y TE SIGO ??SIGUEME Y TE SIGO ??SIGUEME Y TE SIGO ??SIGUEME Y TE SIGO",4.634021,-74.19709,2014-11-03 10:37:23
529219802221797000,2280574761,136,502,"WE CAN WIN BELIEBERS, BELIEVE IN WE #EMABiggestFansJustinBieber",4.716198,-74.09307,2014-11-03 10:33:27
529219474512437000,538572024,618,307,"Acaba de sonar la alarma del colegio pero es festivo y puedo seguir durmiendo, HASTA MA�ANA",4.659688,-74.113226,2014-11-03 10:32:09
529221051960815000,107426609,131,237,"Ser� salir a entrenar un rato, tengo deficiencia muscular pero no importa.",4.759563,-74.036946,2014-11-03 10:38:25
529221209373040000,283819785,1028,2001,"Buenos d�as a todos",4.6102,-74.175409,2014-11-03 10:39:03
529221273403260000,298296446,1251,2001,"@degauchefr hay esos petr� !",4.703717,-74.032424,2014-11-03 10:39:18
529221285726146000,608214782,4861,5347,"'@PlzFollowBack: #TeamFollowBack Follow me and I will #follow you back #promise'",4.634021,-74.197035,2014-11-03 10:39:21
529221371810025000,283819785,1028,2001,"Los que trabajamos los festivos somos menos :(",4.610206,-74.175402,2014-11-03 10:39:42
529221490122579000,1180020318,13889,5,"6. #ENIGMATICOenBD 7. Manuel Teodoro 8. Viera 9. Colombia 10. Target  2014/11/3 05:35 COT #trndnl http://t.co/tt5CDy7qS3",4.6564,-74.1178,2014-11-03 10:40:10
529221491531841000,1180020318,13889,5,"1. #SeAcercaDiciembreY 2. #sobrelacuerdafloja 3. #alexfromtarget 4. #WallendaLive 5. Junior  2014/11/3 05:35 COT http://t.co/tt5CDy7qS3",4.6564,-74.1178,2014-11-03 10:40:10
529221732390146000,298296446,1251,2001,":NicoleLucianaa vos tenes que ver los mensajes y audios que mande. Creo que como 30 veces repeti que estaba en la petro comprando cigarros.�",4.703716,-74.032147,2014-11-03 10:41:08
529222027279097000,215292728,785,4,"Good morning, Bogot�! :) #Sunrise 05:42, noon 11:40, sunset 17:38 COT (UTC-5), November 3. Day length: 11h 56m.",4.5981,-74.0758,2014-11-03 10:42:18
529221268214919000,413487901,409,214,"@gaboelectricbta s�bado???",4.65052,-74.06954,2014-11-03 10:39:17
529222135336939000,391602158,288,239,"No s� si le gusta mi 'personalidad' o de mis regalos.",4.7479,-74.111934,2014-11-03 10:42:44
529222141922013000,308480939,537,719,"Gatoradeeeeeeeeeee � con @yeizoned (@ Carulla - @placerescarulla in Bogot�, Distrito Capital) https://t.co/k04trrTwC3",4.647904,-74.06034,2014-11-03 10:42:45
529222230345920000,1180020318,13889,5,"El hashtag #QuieroSerSanto ocup� el domingo 2, la 3� posici�n en el Top20 de las Tendencias de Colombia: http://t.co/txV7pufH4L #trndnl",4.6564,-74.1178,2014-11-03 10:43:06
529222419350061000,298296446,1251,2001,": Petro 'por defender los humedales' Embotell� al occidente dejando de construir la ALO pero la familia de su mujer� http://t.co/adZ0nJmxpr�",4.703787,-74.032126,2014-11-03 10:43:51
529222500178477000,298296446,1251,2001,"�@LesOscarAmarisM @petrogustavo @JavierEnBogota s�lo los peque�os microfoneros q reciben sueldo por trinar, son los q hablan bien de Petro.�",4.703736,-74.032641,2014-11-03 10:44:11
529222547074994000,394275534,208,340,"@jorgelopez59 @RevistaSemana Revista comunista asquerosa",4.681493,-74.075969,2014-11-03 10:44:22
529222569715855000,298296446,1251,2001,"�@Lard: Exabogado de Petro, ahora abogado de Bogot� en caso cartel por decisi�n del Alcalde, defiende a Emilio Tapia http://t.co/DDLhKTjHg1�",4.703785,-74.03215,2014-11-03 10:44:27
529222598597832000,2280574761,137,503,"Struck in the moment with you, song of justin bieber #EMABiggestFansJustinBieber http://t.co/F8obclz0CM",4.716195,-74.093066,2014-11-03 10:44:34
529222638582120000,391602158,288,239,"Buenos d�as por la ma�ana.",4.747897,-74.111961,2014-11-03 10:44:44
529221243585986000,608214782,4861,5347,"@PlzFollowBack",4.634008,-74.197028,2014-11-03 10:39:11
529221219024130000,298296446,1251,2001,"�@degaHumanit� - Le PCF d�nonce la volont� du pr�sident Petro Porochenko d'�liminer les communistes ukrainiens http://t.co/ONOZ9k7sR3 | ...�",4.70368,-74.032415,2014-11-03 10:39:05
529222704604643000,380127860,205,228,"Ma�anas de ejercicio. #dia2",4.727591,-74.035213,2014-11-03 10:44:59
529222713140051000,298296446,1251,2001,"�@NoticiasUno: Tinguas y Cucaracheros en riesgo por la familia pol�tica de @petrogustavo --&gt; http://t.co/WzmH2leGnI�",4.703809,-74.032217,2014-11-03 10:45:01
529223220462092000,608214782,4861,5347,"@mundonatgeo",4.634032,-74.197015,2014-11-03 10:47:02
529223265299202000,298296446,1251,2001,": @petrogustavo @MafeCarrascal Bogot� tieneen cerros una de las mejores reservas naturales del mundo. No era necesario arborizar un potrero�",4.703746,-74.032207,2014-11-03 10:47:13
529223295368192000,298296446,1251,2001,"�@EnriquePenalosa: @petrogustavo @MafeCarrascal Nadie iba a tocar humedal de La Conejera. Por el contrario, lo descontaminamos�",4.703769,-74.032299,2014-11-03 10:47:20
529223340704428000,298296446,1251,2001,"�@EnriquePenalosa: Falso que POT 2000 urbanizara humedales. Y fue aprobado por CAR con Diego Bravo asesor @petrogustavo como su Director�",4.703769,-74.032299,2014-11-03 10:47:31
529223424972161000,438020230,1162,1152,"Bonjour et bonne semaine � la meilleure, � l'animatrice plus intelligente, douce et jolie: @jhademontpetit; merci pour votre compagnie :)",4.708264,-74.096297,2014-11-03 10:47:51
529222666159669000,298296446,1251,2001,"�@NoSoy: Como Petro odia tanto los carros particulares no mueve un dedo para combatir la inseguridad en los sem�foros, esto est� terrible.�",4.703809,-74.032217,2014-11-03 10:44:50
529223475429642000,298296446,1251,2001,"�@AlAire Familia pol�tica de @PetroGustavo consigui� permisos para construir aptos en la reserva natural La Conejera?http://t.co/5DnSZaNQM3�",4.703789,-74.032148,2014-11-03 10:48:03
529223599245524000,608214782,4861,5347,"'@GB_FollowBack: #RETWEET THIS! FOLLOW ME &amp; EVERYONE ELSE THAT RETWEETS THIS FOR 110+ FOLLOWERS FAST! #TeamFollowBack #Follow2BeFollowed",4.634027,-74.197058,2014-11-03 10:48:33
529223663137329000,357868583,549,336,"Numb - Linking Park",4.723276,-74.084474,2014-11-03 10:48:48
529223665439997000,2280574761,137,503,"My love for you is so big that not drem the whole night for voting for you @justinbieber #EMABiggestFansJustinBieber",4.716178,-74.093077,2014-11-03 10:48:49
529223753063231000,1312340750,38,203,"No de jo de pensar en ella",4.581454,-74.158271,2014-11-03 10:49:09
529223761942544000,349817797,105,110,"No se si tratar de dormir o ponerme a producir",4.678283,-74.095857,2014-11-03 10:49:12
529224069636706000,394275534,208,340,"@jorgelopez59 Que extraditen primero a todos los de las FARC asesinos y narcotraficantes pedofilos",4.681566,-74.076168,2014-11-03 10:50:25
529224289523077000,383437764,84,501,"Ir un lunes festivo a clase mientras todos duermen deliiii! Normaaaal????",4.648547,-74.093228,2014-11-03 10:51:17
529224327758348000,371499574,764,724,"Estupida vida estaba so�ando de los m�s feliz y me despert� ;A;",4.564168,-74.14086,2014-11-03 10:51:26
529221138459951000,2280574761,137,502,"Justin es mi idolo y si no te gusta, no se, muerete #EMABiggestFansJustinBieber",4.716189,-74.09307,2014-11-03 10:38:46
529224508566429000,371499574,764,724,"Quiero seguir so�ando lo mismo ;A;",4.564194,-74.140865,2014-11-03 10:52:10
529224401716510000,2861693695,0,60,"@DONOMAR lo mismo buen d�a q tenga exitos y este inpirado para hacer musica q nos encanta y disfrutamos gracias por lo q hace un abrazo",4.663866,-74.053174,2014-11-03 10:51:44
529224717849591000,371499574,764,724,"Sent�a tan real el sue�o ;A;",4.564166,-74.140736,2014-11-03 10:52:59
529226530694512000,1180020318,13890,5,"6. #ENIGMATICOenBD 7. Manuel Teodoro 8. Viera 9. Colombia 10. Target  2014/11/3 05:52 COT #trndnl http://t.co/tt5CDy7qS3",4.6564,-74.1178,2014-11-03 11:00:12
529224648207384000,226332616,369,271,"6:00 am hptaaaaaaaa!!!",4.610834,-74.11822,2014-11-03 10:52:43
529226532288331000,1180020318,13890,5,"1. #SeAcercaDiciembreY 2. #sobrelacuerdafloja 3. #alexfromtarget 4. #WallendaLive 5. Junior  2014/11/3 05:52 COT http://t.co/tt5CDy7qS3",4.6564,-74.1178,2014-11-03 11:00:12
529227544214913000,298296446,1251,2001,"�@un_daSe calcula que 95 de cada 100 venezolanos presiona la tecla 'cancelar' despu�s de usar un cajero autom�tico por miedo a ser robados.�",4.703678,-74.032571,2014-11-03 11:04:13
529227407879061000,98502155,141,447,"Ya en Colombia. Fin de un viaje maravilloso",4.700733,-74.14513,2014-11-03 11:03:41
529227819998773000,298296446,1251,2001,"�@LogicaDeMujeres: A cada decepci�n, tarde o temprano le llega su olvido.�",4.703679,-74.032095,2014-11-03 11:05:19
529227917067563000,1850007840,107,129,"Numero 3!!!!!!!!!!''",4.619153,-74.130341,2014-11-03 11:05:42
529227892828680000,253749788,55,75,"#GoodMorning #world A trabajar se dijo.  #Bogota #SinFiltros #Instavida #Instamoment #momento #Lunes� http://t.co/BP6RSXCuDV",4.629457,-74.116173,2014-11-03 11:05:36
529228514445496000,2794942045,82,174,"EL Y SU GRAN EQUIPO DE TRABAJO LOS ADMIRO TANTO &lt;3  @MALUMACOLOMBIA @MAMBRU72 @NICK_Alejandro @Djrabiaz http://t.co/RJcDZ6QBOU",4.699244,-74.126019,2014-11-03 11:08:05
529228692942508000,298296446,1251,2001,"�@Con todo respeto y por respeto a los Bogotanos el Polo Democr�tico no deber�a presentar candidato a la alcald�a de Bogot�!!! Es lo m�nimo�",4.703876,-74.032324,2014-11-03 11:08:47
529228621136023000,62189481,240,579,"@finanzascom pregunta sin resolver...",4.571063,-74.094978,2014-11-03 11:08:30
529228755114688000,2794942045,82,174,"*-----* http://t.co/Fc4tsRXAcA",4.699245,-74.126009,2014-11-03 11:09:02
529228781421334000,298296446,1251,2001,"�@NoticiasCaracol: Hombre mata a mujer de 20 a�os, al parecer, por celos http://t.co/XCJZUAFKPH�",4.703945,-74.032233,2014-11-03 11:09:08
529228849658494000,20391659,129,371,"In Bogota",4.686435,-74.054045,2014-11-03 11:09:25
529228954843222000,298296446,1251,2001,"�@rcnlaradio: Cuatro heridos por mala manipulaci�n de p�lvora en Monter�a http://t.co/zEbXm1Abky�",4.703958,-74.032182,2014-11-03 11:09:50
529225309829476000,362017156,535,276,"Dios hoy se define todo bendicenos,que cada uno de los muchachos lo deje todo en la cancha como siempre amen.",4.601474,-74.070228,2014-11-03 10:55:21
529228975529529000,298296446,1251,2001,"�@rcnlaradio: Censar�n a mototaxistas en Sincelejo http://t.co/2n66s57dua�",4.703912,-74.032275,2014-11-03 11:09:55
529226412134510000,323555261,68,362,"Muy buenos dias #dia8 de #megareto @LaMegaBogota @All4OneAgency @davidguetta http://t.co/Sh8xHsoZ44",4.641274,-74.128101,2014-11-03 10:59:43
529220024779943000,608214782,4861,5347,"@Instantfollowtw: #RETWEETS TO GET MORE FOLLOWS #TFBJP #CAORU FOLLOW ME &amp; EVERYONE ELSE THAT RTs THIS FOR 50+ #FREE FOLLOWERS FAST ?@weydogg",4.634025,-74.197088,2014-11-03 10:34:21
529220036251353000,165115158,311,203,"Maldita necesidad de tener dinero :'(",4.516111,-74.114139,2014-11-03 10:34:23
529228989458829000,1266670399,52,482,"Q pasooooo mamasita",4.593422,-74.095379,2014-11-03 11:09:58
529229014674964000,298296446,1251,2001,"�@virginiatreyes: �No intentar por temor a fracasar, es como suicidarse por miedo a morir�. An�nimo�",4.703912,-74.032275,2014-11-03 11:10:04
529224768290304000,189761990,687,1998,"?? Ariana Grande, The Weeknd - Love Me Harder: http://t.co/SUoA1Vm3UC ??",4.556163,-74.099881,2014-11-03 10:53:11
529226371449782000,211560147,110,38,"'Pero el Se�or es eternamente misericordioso; �l les hace justicia a quienes le honran, y tambi�n a sus hijos y descendientes' Salmo 103:17",4.731233,-74.039284,2014-11-03 10:59:34
529229061877682000,298296446,1251,2001,"�@24HorasTVNQui�nes son el nuevo blanco de Estado Isl�mico en Irak? Detalles en 24Horas.cl  ? http://t.co/Gr5uVn1XBe http://t.co/9qE2BWOCqO�",4.703912,-74.032275,2014-11-03 11:10:15
529229215653453000,298296446,1251,2001,"�@NoticiasBill Gates donar� 500 millones de d�lares para la lucha contra diversas epidemias en pa�ses en desarrollo. http://t.co/70qlkuPTbn�",4.70393,-74.032003,2014-11-03 11:10:52
529229248184451000,298296446,1251,2001,"�@AlbertoRavell: Mujer estadounidense con c�ncer terminal se suicid� http://t.co/sYdev7l7O0�",4.703906,-74.032159,2014-11-03 11:11:00
529229344355647000,2794942045,82,174,"@Veronica_31245 NO LA TIENE? .l.",4.699245,-74.126025,2014-11-03 11:11:22
529229255750995000,62189481,240,579,"@SinergiaLaboral lo �nico que empieza con may�scula son los nombres propios o las palabras despu�s de un punto.",4.571404,-74.09512,2014-11-03 11:11:01
529229521225273000,2794942045,82,174,"@Veronica_31245 JAJAJAJAJAJAJA",4.699243,-74.126016,2014-11-03 11:12:05
529229416548020000,402373708,198,419,"Happy #halloween ?? @ Kandelaria bar http://t.co/sGHKeUuRW1",4.64148,-74.07611,2014-11-03 11:11:40
529229427994279000,105925274,395,248,"Sven V�th! Closing. @ Centro De Convenciones Gonzalo Jimenez De Quesada http://t.co/c0OFPAM32d",4.615271,-74.071834,2014-11-03 11:11:42
529229760300580000,126068378,170,782,"I just began a cycling workout using #Endomondo. Peptalk me now @ http://t.co/3AUwSFfFbV",4.663209,-74.113655,2014-11-03 11:13:02
529229744651661000,121259222,297,279,"Ese es el problema con los drones. �Qu� pasa cuando todo el mundo puede tener uno? '@AP: .... http://t.co/gX0n8QgQWL'",4.663627,-74.082546,2014-11-03 11:12:58
529229925870751000,426715843,883,2001,"6:13 :( &amp; Me A coste A La 2:10 ;0",4.67956,-74.165815,2014-11-03 11:13:41
529229820497260000,426715843,883,2001,"Buenos D�as",4.679552,-74.165823,2014-11-03 11:13:16
529230054484869000,153882883,650,722,"@2000dePan ????????????????????",4.75209,-74.097313,2014-11-03 11:14:12
529229985257914000,1571872866,20,27,"De La Unica Manera De Tener A Mi Pap� Contento, Es Trasnochandome Haciendo Tareas",4.518677,-74.11918,2014-11-03 11:13:55
529230117735002000,426715843,883,2001,"Ma�ana #EnElCampin #ConMaluma @MALUMACOLOMBIA",4.67956,-74.165815,2014-11-03 11:14:27
529230072193241000,2579643864,24,404,"Superman me ca�a mal, �ahora?... me parece un buen tipo.",4.584143,-74.119021,2014-11-03 11:14:16
529230509508157000,901743822,1640,252,"Live recording of my set from last Saturday, Nov. 1st. at Club Baum (Terrace) in Bogota 6-8 am in the� http://t.co/AIC9OAX8Xp",4.691874,-74.035583,2014-11-03 11:16:00
529230439970783000,1571872866,20,27,"'@EsInstagram: Ahora nos cuesta saludarnos... http://t.co/U0el4pzs4J'",4.518685,-74.119171,2014-11-03 11:15:44
529230604869861000,112890538,537,685,"Esta imagen es hermsa?? http://t.co/QjWGq5fiS5",4.766513,-74.041221,2014-11-03 11:16:23
529230511336865000,362017156,535,276,"vamos a hacer historia con los dos grupos en la final.",4.601474,-74.070228,2014-11-03 11:16:01
529231049751293000,239673508,178,230,"Tantas formas de lastimar.... Tantas formas de morir....",4.62473,-74.151925,2014-11-03 11:18:09
529230977647009000,355878132,219,170,"030312 ~031114 ?",4.694835,-74.099532,2014-11-03 11:17:52
529231348809347000,848224314,51,30,"No cometer� los mismos errores.",4.651005,-74.072072,2014-11-03 11:19:20
529231276298207000,239673508,178,230,"Son aquellas circunstancias las que te demuestran que tan grande era el sentimiento.",4.624551,-74.151969,2014-11-03 11:19:03
529231489813458000,52791974,1005,1994,"Desde las 8pm hasta ya las 6:20am comprobamos con mis amigos de La Red que #SIESPOSIBLE velar m�s de una hora! https://t.co/bNVIR2hIs9",4.642295,-74.066544,2014-11-03 11:19:54
529231433890803000,848224314,51,30,"Si me extra�as sabes donde encontrarme.",4.650807,-74.072088,2014-11-03 11:19:41
529231563347591000,1180020318,13890,5,"1. #SeAcercaDiciembreY 2. #sobrelacuerdafloja 3. #alexfromtarget 4. #WallendaLive 5. #ENIGMATICOenBD  2014/11/3 06:10 COT",4.6564,-74.1178,2014-11-03 11:20:12
529231561669898000,1180020318,13890,5,"6. Manuel Teodoro 7. Viera 8. Junior 9. Target 10. Santa Fe  2014/11/3 06:10 COT #trndnl http://t.co/tt5CDy7qS3",4.6564,-74.1178,2014-11-03 11:20:11
529231671951122000,848224314,51,30,"Cada d�a son m�s problemas.",4.650968,-74.072043,2014-11-03 11:20:37
529231563800985000,848224314,51,30,"No se si darme otra oportunidad a mi vida.",4.650807,-74.072088,2014-11-03 11:20:12
529231694667472000,239673508,178,230,"Volver a entregar tu vulnerabilidad para llegar al mismo punto... Pero a que juega el destino conmigo?",4.624743,-74.151924,2014-11-03 11:20:43
529231689797885000,1646120864,8,272,"BUEN DIA PARA TODOS.DEMOS GRACIAS A DIOS X OTRO DIA MAS DE VIDA...!!!",4.632015,-74.205157,2014-11-03 11:20:42
529232289755332000,2794942045,82,177,"@TatianaReyes_15 QUIERO VERLA YAAAAAAAAA :'(",4.699244,-74.126025,2014-11-03 11:23:05
529231821738098000,848224314,51,30,"Si tu pudiste darte, una oportunidad por que yo no?",4.650968,-74.072043,2014-11-03 11:21:13
529232573298651000,720881353,304,216,"D�a #26  Falta poco para nuestro final.",4.643287,-74.14507,2014-11-03 11:24:12
529232316456239000,720881353,304,216,"Uy que interesante. *resalta el sarcasmo*",4.643287,-74.14507,2014-11-03 11:23:11
529232623189889000,2794942045,82,177,"@La_Monaaaa La Bonita &lt;3",4.699245,-74.126021,2014-11-03 11:24:24
529232628898361000,21129850,343,1330,"@polillafeliz todas las oraciones y la mejor energ�a por la pronta recuperaci�n de @lagordafabiola . En manos de  Dios, todo es posible",4.695171,-74.107211,2014-11-03 11:24:26
529233328969646000,249902830,629,791,"De vuelta a casa (@ Aeropuerto Internacional El Dorado (BOG) - @bog_eldorado in Bogot�, Distrito Capital) https://t.co/OEWIECiSXd",4.698162,-74.140913,2014-11-03 11:27:12
529232769021251000,434521584,4378,168,"De montar en el p�jaro de acero  ?? AMO ver cosas como estas ???????????? y saber lo grande que es la� http://t.co/QXu1kC9hin",4.697258,-74.138029,2014-11-03 11:24:59
529233316621602000,167499347,75,428,"No siempre nos salen las cosas como queremos.  Pero bueno la idea es tratar de cambiar y no volver a caer ven los mismo errores",4.752018,-74.081182,2014-11-03 11:27:10
529233495529631000,2516530826,66,99,"'Eso Es Lo Que Dices Que Me Quieres Tanto' ?",4.742239,-74.126111,2014-11-03 11:27:52
529233518308896000,426715843,882,2001,"Ver Esta Foto &amp; Romper En Llanto Mk :( *A Pesar De Todo Fueron Grandes Momentos junto A El 25 http://t.co/PQELfHOmKi",4.679428,-74.165876,2014-11-03 11:27:58
529233620410839000,902586354,123,310,"Me levanto por cuesti�n de responsabilidad, no por yo lo quiera.",4.747774,-74.090226,2014-11-03 11:28:22
529233603314462000,1180020318,13890,5,"�Cu�l fue la ciudad de Colombia con el mayor n�mero de Tendencias el domingo 2? http://t.co/txV7pufH4L #trndnl",4.6564,-74.1178,2014-11-03 11:28:18
529233660038631000,426715843,882,2001,"A un Te Recuerdo :'( 25",4.679472,-74.165867,2014-11-03 11:28:31
529233636831555000,211073889,5507,5394,"Al que madruga #Uber lo ayuda (@ Aeropuerto Internacional El Dorado (BOG) - @bog_eldorado) https://t.co/6r2HvJyKBm",4.698162,-74.140913,2014-11-03 11:28:26
529233999710130000,201918849,204,179,"#happybirthdaytome ??????????????????????????????????????????????????????",4.641864,-74.152316,2014-11-03 11:29:52
529233716464586000,902586354,123,310,"Madrugar porqu� te dejas colgar en los trabajos",4.747784,-74.090227,2014-11-03 11:28:45
529234101250035000,902586354,123,310,"Me levantando por cuesti�n de responsabilidad,no,por que yo lo quiera.",4.747755,-74.090224,2014-11-03 11:30:17
529234017040994000,236210926,149,818,"Madrugar un lunes festivo ... Uhh que emoci�n ...!!! http://t.co/nwbwP4v37d",4.632036,-74.170575,2014-11-03 11:29:57
529234258314137000,1435497331,161,211,"Y aqu� estoy de nuevo: despierto pero con el mismo sue�o de ayer!",4.70934,-74.064195,2014-11-03 11:30:54
529234275674370000,107926511,1539,1946,"Trabajando desde las 6 am, porque as� lo quizo la vida! (@ Macrofinanciera in Bogot�, Distrito Capital) https://t.co/mEhYPdPWYp",4.656752,-74.054801,2014-11-03 11:30:58
529234528905486000,228890030,104,172,"No somos nadie para juzgar...",4.76816,-74.051843,2014-11-03 11:31:59
529234489122508000,296861793,420,522,"@FreddyCadavid muchas bendiciones en tu d�a. Feliz cumplea�os Divino.",4.718467,-74.109307,2014-11-03 11:31:49
529234768232480000,228890030,104,172,"Una cita - @ALKILADOS ?",4.76809,-74.051925,2014-11-03 11:32:56
529234996092227000,1435497331,161,211,"Y desear algo con el alma deber�a ser suficiente para ponerle acci�n a la vida #SoyCapaz",4.70934,-74.064195,2014-11-03 11:33:50
529234637235957000,189980183,315,528,"Y disque no farrea ?",4.586328,-74.214139,2014-11-03 11:32:24
529234631921795000,2794942045,83,178,"UNA BENDICION MAS *-* @YUDYARIAS @MALUMACOLOMBIA http://t.co/jKniFZfFQ3",4.699244,-74.126024,2014-11-03 11:32:23
529234746296238000,189980183,315,528,"Como ella si sali� cree que uno es igual ;))",4.586328,-74.214139,2014-11-03 11:32:50
529235037787799000,2794942045,83,178,"ESO DE LEVANTARSE UN FESTIVO A LAS 5 AM JAJA :(  SOLO YO CIERTO?",4.699244,-74.126013,2014-11-03 11:34:00
529234898096492000,189980183,315,528,"Pues se equivoca bebe ;) prefer� dormir ??",4.586319,-74.214128,2014-11-03 11:33:27
529235547303477000,239673508,178,230,"Buenos d�as vida m�a! Te amo igual que siempre..... Pensar� todo el d�a en ti... ???",4.62473,-74.15191,2014-11-03 11:36:01
529235576797810000,2579643864,24,404,"Ok, i accept... I lost, this is beginning of the end.  http://t.co/FxFWcuDV3h",4.584096,-74.119029,2014-11-03 11:36:08
529235904666550000,189980183,315,528,"Seg�n Vanessa , uno se gana la papita f�cil , y no le da cansancio",4.586319,-74.214128,2014-11-03 11:37:27
529235947351990000,150043512,58,314,"Luna m�gica, Luna misteriosa!!!! @ Leon XIII http://t.co/XPSvbCJPam",4.596047,-74.1961,2014-11-03 11:37:37
529236181729697000,189980183,315,528,"Entonces para deje de pensar que hise lo mismo que usted , hasta que hora insinuaba  que la iba a esperar despierto ? Ha ?",4.586212,-74.214228,2014-11-03 11:38:33
529236351498342000,906887138,1069,705,"TU http://t.co/A7ckXm0Tsy",4.729016,-74.03226,2014-11-03 11:39:13
529236361510125000,189980183,315,528,"Le his como aproximadamente 50 llamadas , nunca contesto que puteriaaaaaaaaaaaaaaaaaaaa ??",4.586319,-74.214128,2014-11-03 11:39:15
529236385807745000,142887995,67,172,"Llenando #albumjet http://t.co/ZfTGQXQKoJ",4.595061,-74.154225,2014-11-03 11:39:21
529236498714202000,369117155,893,1915,"??Buenos d�as, mientras sale el sol Damos gracias al Se�or por un nuevo dia! WOW! Su extraordinaria� http://t.co/vq4koFzpts",4.693743,-74.169059,2014-11-03 11:39:48
529236551474348000,298296446,1251,2001,"�@rtve: La Audiencia de M�laga ordena la entrada en prisi�n de Isabel Pantoja http://t.co/MBX8dvLPXs http://t.co/iT81LcnGji�",4.703902,-74.032031,2014-11-03 11:40:01
529236591026257000,1180020318,13890,5,"6. Manuel Teodoro 7. Viera 8. Junior 9. Target 10. Santa Fe  2014/11/3 06:37 COT #trndnl http://t.co/tt5CDy7qS3",4.6564,-74.1178,2014-11-03 11:40:10
529236599889199000,189980183,315,528,"Que feo es perder a un  familiar :'(",4.586323,-74.214145,2014-11-03 11:40:12
529236636920721000,298296446,1251,2001,"Altos niveles de miseria y exclusi�n social de la poblaci�n del pac�fico son contrarios al crecimiento de las importaciones y exportaciones�",4.703814,-74.032406,2014-11-03 11:40:21
529236740683612000,189980183,315,528,"Y hay si Vanessa nunca esta cuando la necesito",4.586316,-74.214134,2014-11-03 11:40:46
529236965120835000,189980183,315,528,"Yo creo que le doy pena , porque dijo NO alo que le dije ayer , sp2",4.586316,-74.214134,2014-11-03 11:41:39
529237011287531000,1697638172,157,138,"SAI #Recuerdos @ San Andres Islas http://t.co/WK8ke4qcDX",4.633561,-74.073258,2014-11-03 11:41:50
529237209598427000,1646167027,101,229,"Soy tan despistado que hasta pierdo el apetito.??",4.706201,-74.118764,2014-11-03 11:42:38
529237297469087000,298296446,1251,2001,"�@BluRadioCo: .@COL_EJERCITO frustr� atentado contra infraestructura energ�tica en Nari�o http://t.co/dwxrZXrLpk #NoticiasDeLaMa�ana�",4.703794,-74.032453,2014-11-03 11:42:59
529235086701785000,1932511526,659,1070,"Buenos Dias! C: FAV Si madrugas conmigo &lt;3",4.573618,-74.128826,2014-11-03 11:34:12
529235103269289000,906887138,1069,705,"@yamispr  Vivas un hermoso amanecer y disfruta este dia colmalo d magia pintalo d bellos colores vivelo intensamente http://t.co/eMLGzeze9Z",4.729016,-74.03226,2014-11-03 11:34:15
529235121376092000,739151390,411,882,"Amo so�arme con el ??",4.557745,-74.120016,2014-11-03 11:34:20
529235128812601000,507947957,125,266,"Pa' que me calientes pa' que tu me tientas?",4.593503,-74.081258,2014-11-03 11:34:22
529235194868686000,296861793,420,522,"@ormu1997 cielo te amo, no te imaginas lo orgullosa que estoy de ti.",4.718487,-74.109389,2014-11-03 11:34:37
529235410111979000,585119838,345,900,"Networking! (@ Centro De Control Eaab) https://t.co/CHoeQ7jggr",4.661242,-74.126849,2014-11-03 11:35:29
529237330708529000,1180020318,13890,5,"El hashtag #f1xfox ocup� el domingo 2, la 20� posici�n en el Top20 de las Tendencias de Colombia: http://t.co/txV7pufH4L #trndnl",4.6564,-74.1178,2014-11-03 11:43:07
529237336148963000,298296446,1251,2001,"�@mia_corota: Wow!!! As� sea para los tres @GissyCullen @_efecinco #Lunes esto --&gt; http://t.co/H1JB5UDXu5�",4.703794,-74.032453,2014-11-03 11:43:08
529237384777711000,497389371,51,60,"@ELTIEMPO Que tal si fuera al contrario no le perdonar�an la carcel,",4.684173,-74.112961,2014-11-03 11:43:19
529237431258992000,213424280,57213,198,"Hoy Para mis Twitteros, un d�a tranquilo, sereno y amoroso . ??vamos con toda .",4.687794,-74.044636,2014-11-03 11:43:31
529237633592213000,426715843,882,2001,"Yo Creo Que El RT M�s Importante Que Ah Pasado Por Mi Twitter Fue A Las 6:40  *El RT De Maluma &lt;3",4.679517,-74.165845,2014-11-03 11:44:19
529237652189753000,484862590,13277,430,"Hoy festivo te levantas en #ModoRumba con la SALSA eterna de #LaClaveDeLaRumba Presenta @jhonnyarredondo 105.4 F.M. http://t.co/hEoeHAaF6j",4.650423,-74.069584,2014-11-03 11:44:23
529237667901636000,102602851,1488,1061,"????????????????????????????????????8???18????????????????1????????????????????????????????????????????????????20??????????10??????????????",4.635277,-74.096268,2014-11-03 11:44:27
529236592527826000,1180020318,13890,5,"1. #SeAcercaDiciembreY 2. #sobrelacuerdafloja 3. #alexfromtarget 4. #WallendaLive 5. #ENIGMATICOenBD  2014/11/3 06:37 COT",4.6564,-74.1178,2014-11-03 11:40:11
529237737527054000,230925362,122,156,"Gracias por estos maravillosos d�as juntos @jcgg1 http://t.co/SzCxHNcbrn",4.725285,-74.065746,2014-11-03 11:44:44
529237786868842000,319133735,538,535,"Madrugando a volar, Destino Monter�a. http://t.co/PTK2xo9prd",4.700364,-74.142952,2014-11-03 11:44:55
529237737250254000,1651488391,39,97,"'Que no te de miedo el fracaso, que te de miedo el estancarte por siempre por miedo a fallar.'",4.634315,-74.159052,2014-11-03 11:44:43
529238535145271000,720577131,124,366,"Iniciamos labores de nuevo #GraciasDios http://t.co/hlgBy2PX0f",4.628008,-74.06432,2014-11-03 11:47:54
529238561758121000,138190473,1404,1416,"Buenos d�as, estoy tan feliz de que hoy sea festivo????",4.587462,-74.110131,2014-11-03 11:48:00
529238111478616000,829809152,178,824,"Juapa y sus amiguitos! http://t.co/ESQ0mbQmXF",4.586663,-74.118535,2014-11-03 11:46:13
529238751441346000,256135421,160,300,"@pAuvAl_  eso me emociona... Te extra�o",4.670282,-74.10881,2014-11-03 11:48:45
529238858542874000,426715843,882,2001,"ISABELLA PEREZ RADA? http://t.co/LxiSeF4BTH",4.679504,-74.165834,2014-11-03 11:49:11
529237956406808000,720577131,124,366,"Me gusta, me apetece y me provoca, tu todo que me hace pensar en ti... ?? ??",4.628,-74.064349,2014-11-03 11:45:36
529238395118452000,1461052304,104,101,"@AlejooQuintero usted me la esta quitando jajaj",4.572003,-74.158697,2014-11-03 11:47:20
529237807764865000,131995802,911,795,"#elcandelario #mapping @loop_la barra #wall #brick #cool #live #party @ elcandelario http://t.co/ozbfCdzfVp",4.598935,-74.072392,2014-11-03 11:45:00
529238901958131000,399599918,225,514,"Estas De 4�   Hijoss http://t.co/IHptNiv4Ab",4.645041,-74.135716,2014-11-03 11:49:21
529239048138010000,228702794,104,220,"@Juancitwo @AlvaroUribeVel que desgraciados y este gobierno alabando todos los actos terroristas de las farc con anuencia de las FF. AA.",4.850979,-74.050464,2014-11-03 11:49:56
529238731975585000,298296446,1251,2001,"�@BluRadioCo: Casa por c�rcel a conductor que caus� tragedia con auto diplom�tico en Bogot� http://t.co/6YDtHkclJT #NoticiasDeLaMa�ana�",4.703909,-74.032171,2014-11-03 11:48:41
529239038252052000,720577131,124,366,"El �xito de la vida no esta en vencer siempre, est� en no rendirse nunca jam�s !! #BuenosDias ??",4.628012,-74.064318,2014-11-03 11:49:54
529238462088495000,131995802,911,795,"#elcandelario #sunday #party #cool #bogota @ elcandelario http://t.co/RuSvk5U6K8",4.598935,-74.072392,2014-11-03 11:47:36
529238874552557000,268413052,150,252,"I'm at Sala VIP Elite Diamond Avianca in Bogot�, Distrito Capital https://t.co/Nw2Abyn7Nc",4.693566,-74.134281,2014-11-03 11:49:15
529239118036094000,815976811,869,226,"La hipocrec�a es de los debiles y poco inteligentes que no son capaz de enfrentar sus inseguridades.",4.621884,-74.076176,2014-11-03 11:50:13
529239127309705000,460796856,291,179,"Maldito acoso de tiempo :s",4.733202,-74.270605,2014-11-03 11:50:15
529239125787152000,298296446,1251,2001,"�@rcnlaradio: Medicina Legal dice que en primer semestre de 2014 se presentaron 637 asesinatos de g�nero contra mujeres #EscuchoRCN�",4.703756,-74.03168,2014-11-03 11:50:15
529239270645837000,114494112,2259,273,"Superestacion Newyork http://t.co/h9RYZ0JBMR",4.717084,-74.037617,2014-11-03 11:50:49
529239326736265000,269617947,344,289,"?? @ Baum http://t.co/hF7z6QDImr",4.619437,-74.066506,2014-11-03 11:51:02
529239144942551000,298296446,1251,2001,"�@un_dato: Las personas m�s inteligentes tienden a ser m�s abiertas de mente para aceptar a los dem�s.�",4.70372,-74.032318,2014-11-03 11:50:19
529239223837396000,298296446,1251,2001,"@miguelhotero @elcomercio baboso",4.70372,-74.032318,2014-11-03 11:50:38
529239195580366000,298296446,1251,2001,"�@miguelhotero: Rafael Correa rompi� un diario porque no le gust� un titular http://t.co/V4uyh4Gm0k v�a @elcomercio�",4.70372,-74.032318,2014-11-03 11:50:31
529239528348069000,298296446,1251,2001,"�@elmundIsabel Pantoja, destrozada ante su inminente ingreso en prisi�n. Lo adelanta @RABAGOISABEL en @LaOtraCronica http://t.co/ZPMabYVaNC�",4.703845,-74.032128,2014-11-03 11:51:51
529239539114852000,65512834,505,1328,"Buen d�a para tod@s feliz comienzo de semana. Recordemos siempre estar de la mano del Dios de la Vida. Amen",4.748077,-74.086931,2014-11-03 11:51:53
529239565039853000,120781355,1136,1992,"@juanjomarfe @CRAZYMADRIDS Excelente!",4.58795,-74.19096,2014-11-03 11:51:59
529239565111152000,232792937,274,201,"I'm at Alpine Pacific Advisors - Sucursal Colombia in Bogot�, Distrito Capital https://t.co/kEc3Z32Evf",4.645263,-74.054654,2014-11-03 11:51:59
529239599839981000,102602851,1488,1061,"?????????????????????????????????????? http://t.co/YRpDvBpUpA http://t.co/n8McmtWfgr",4.635372,-74.096282,2014-11-03 11:52:08
529239699219841000,1403171995,280,232,"Buenas Twitteros",4.576504,-74.13894,2014-11-03 11:52:31
529239770837577000,2275193841,247,99,"As lo que quieras conmigo.",4.746159,-74.037753,2014-11-03 11:52:48
529238171176157000,497389371,51,60,"@ELTIEMPO Marston Diplom�tica",4.684209,-74.113163,2014-11-03 11:46:27
529238048845086000,1461052304,104,101,"Un dia completo de felicidad.",4.57184,-74.158651,2014-11-03 11:45:58
529239095269023000,392743679,14237,267,"Buenos d�as ! BENDICIONES ?? se feliz no envidies nada de ti misma especie ! De ?? feliz semana @ Sala� http://t.co/TwccJBlfio",4.693571,-74.13444,2014-11-03 11:50:07
529239974676557000,915937524,26,67,"@Amame_Odiame Buenos d�as so�ar con tigo se me esta volviendo costumbre no quer�a despertar est�bamos pegados.",4.670834,-74.151734,2014-11-03 11:53:37
529239907836112000,102602851,1488,1061,"?????????????????????????????????????iPhone?????????????????????????????????????????????????? http://t.co/aDCf6F8CSR http://t.co/9YWBgj0sMx",4.635372,-74.096282,2014-11-03 11:53:21
529240213886103000,343119907,191,228,"Quiero un alpiamigo. ??",4.632862,-74.097314,2014-11-03 11:54:34
529240313450491000,163895079,87,113,"Que me falte todo menos el #vino #Bogota #Bogoteando @ Bogota D.C http://t.co/ruudc9h7Va",4.667529,-74.110589,2014-11-03 11:54:58
529240384514584000,207173463,580,2001,"W6 (@ IBM de Colombia &amp; C�a. S. C. A. in Bogot�, Distrito Capital) https://t.co/yp0edWONbf",4.689035,-74.063044,2014-11-03 11:55:15
529240409298698000,36970388,5437,399,"Extra�ando mi #soulmate",4.6827,-74.059319,2014-11-03 11:55:21
529240508737286000,155660422,137,149,"T� lugar est� donde te sientas libre!! TP",4.720196,-74.054091,2014-11-03 11:55:44
529240591612534000,139538459,120,568,"#LunesFestivo #BuenosDias #Bogota #Co @ En La Cama Relax http://t.co/4L73HJ0x1i",4.678305,-74.113013,2014-11-03 11:56:04
529240621840887000,906887138,1069,705,"@ElizOk1 @FERJEDY @PatriBSol @orionx10 @littlefirefly66 @mivozi @MatildeVeTodo @marthachopite @uribe_yanet Prospera y sabia semana Abrazos",4.729016,-74.03226,2014-11-03 11:56:11
529240625640914000,228702794,104,220,"@27Lucille @NOTICARTAGENA son comunistas, nunca son responsables, como nuestro gobierno no cumple nada, solo mentiras",4.850979,-74.050464,2014-11-03 11:56:12
529240689981550000,279594250,2960,1930,"Snapchat: jhoonrojass ?? ??",4.667382,-74.155536,2014-11-03 11:56:27
529240639708594000,1425641257,54,255,"F ?? Solo se ve bien con el coraz�n ??",4.609235,-74.073177,2014-11-03 11:56:15
529241114206040000,228702794,104,220,"@ZenuRadio @NOTICARTAGENA @PoliciaIbague @EmpleoAlcIbague @QHUBOTOLIMA,  se deben aprovechar al m�ximo",4.850979,-74.050464,2014-11-03 11:58:09
529241200281128000,163895079,87,113,"Te amou @franciscomelz ?? @ Bogota D.C http://t.co/JchrIaAndH",4.667529,-74.110589,2014-11-03 11:58:29
529241215259389000,392531682,400,140,"Buenos dias",4.737882,-74.102614,2014-11-03 11:58:33
529241227745824000,392743679,14238,267,"@celsoguerrag ya lo leo perate hmno",4.693082,-74.13397,2014-11-03 11:58:36
529241477013327000,281653507,689,605,"Halloween es la mierda.",4.64797,-74.057757,2014-11-03 11:59:35
529241547477626000,864935642,241,201,"1AUN NO SABE LA IMPORTANCIA EN MI VIDA5",4.590354,-74.170131,2014-11-03 11:59:52
529239950936768000,597390470,26,75,"Gran verdad ..gran mensaje .... http://t.co/WOqnkfWsv8",4.863126,-74.05533,2014-11-03 11:53:31
